{
  "train_loss": [
    4.293405249240292,
    1.7711254162773205,
    1.1351448622099154,
    0.9914245835155439,
    0.8354646487600484,
    0.629325849520173,
    0.6053293048386361,
    0.5051189645365545,
    0.4022118882009178,
    0.3024013803168467,
    0.32160642111946824,
    0.2979843526793893,
    0.22895598628670927,
    0.21818441306804395,
    0.23535899790656414,
    0.14597853821269266,
    0.18653417168968137,
    0.1131970471121181,
    0.10574322107235402,
    0.13091867907376142,
    0.0941862399136695,
    0.10147676704682047,
    0.05902528659155842,
    0.04111612011948423,
    0.043929738828995424,
    0.044746518257418114,
    0.038706369479305475,
    0.028507032715007336,
    0.04603022790187117,
    0.042131228628040036
  ],
  "train_acc": [
    0.45879777070063693,
    0.5611066878980892,
    0.6455015923566879,
    0.7213375796178344,
    0.7671178343949044,
    0.804140127388535,
    0.8349920382165605,
    0.8642515923566879,
    0.8853503184713376,
    0.8996815286624203,
    0.901671974522293,
    0.915406050955414,
    0.9251592356687898,
    0.9406847133757962,
    0.9456608280254777,
    0.9494426751592356,
    0.9554140127388535,
    0.9625796178343949,
    0.9679538216560509,
    0.9723328025477707,
    0.9745222929936306,
    0.978702229299363,
    0.9830812101910829,
    0.9856687898089171,
    0.9856687898089171,
    0.9874601910828026,
    0.9888535031847133,
    0.9896496815286624,
    0.9884554140127388,
    0.9914410828025477
  ],
  "val_loss": [
    2.6323280369793927,
    1.0091897392714466,
    0.6624956183963352,
    2.8883130616611905,
    1.29265718890561,
    0.32646731585264205,
    0.3932163384225633,
    0.3134909509508698,
    0.2754326021781674,
    0.48133343077368207,
    0.37996901148171336,
    0.33464813657380915,
    0.26582258845920914,
    0.2009077190628482,
    0.23233918596610978,
    0.22478365988160173,
    0.2622305840529777,
    0.1520801503263,
    0.20160441930013434,
    0.16993643759611857,
    0.2669551578098132,
    0.2550710613321927,
    0.1535596245623849,
    0.19053563537179596,
    0.1855585741534553,
    0.2729561643640476,
    0.19962290846263014,
    0.2842766282212795,
    0.2008788397880616,
    0.23194215267948393
  ],
  "val_acc": [
    0.5435185185185185,
    0.687037037037037,
    0.7527777777777778,
    0.5462962962962963,
    0.7898148148148149,
    0.8814814814814815,
    0.8685185185185185,
    0.8907407407407407,
    0.9101851851851852,
    0.9,
    0.9148148148148149,
    0.9046296296296297,
    0.9194444444444444,
    0.9361111111111111,
    0.9351851851851852,
    0.9583333333333334,
    0.9398148148148148,
    0.950925925925926,
    0.9601851851851851,
    0.9518518518518518,
    0.9537037037037037,
    0.950925925925926,
    0.9648148148148148,
    0.9629629629629629,
    0.9648148148148148,
    0.9648148148148148,
    0.9657407407407408,
    0.9648148148148148,
    0.9629629629629629,
    0.9638888888888889
  ],
  "val_f1_macro": [
    0.544231855168096,
    0.6656456067849733,
    0.7479013908623208,
    0.4824947364382578,
    0.7885649532377988,
    0.8825260900975693,
    0.8696651396444305,
    0.8913925667054989,
    0.9104560293395632,
    0.8984498035869817,
    0.9139147578856532,
    0.9057382511043149,
    0.9190602349938174,
    0.9357675404403182,
    0.9352087423434672,
    0.9582907712162702,
    0.9406041936692962,
    0.9507870699251678,
    0.9601094359791436,
    0.9517431010828317,
    0.9535695063448484,
    0.9508982115165359,
    0.9648454895623455,
    0.9630874089345882,
    0.9648153128494841,
    0.9647993363215381,
    0.9657028013898479,
    0.9647821483123655,
    0.9629433212702648,
    0.9639070686802146
  ],
  "lr": [
    0.0009972883382072953,
    0.0009891830623632338,
    0.0009757729755661011,
    0.0009572050015330874,
    0.0009336825748732973,
    0.0009054634122155991,
    0.0008728566886113102,
    0.0008362196501476349,
    0.0007959536998847742,
    0.0007525,
    0.0007063346383225212,
    0.000657963412215599,
    0.0006079162869547909,
    0.0005567415893174886,
    0.0005050000000000002,
    0.0004532584106825117,
    0.00040208371304520916,
    0.00035203658778440114,
    0.00030366536167747904,
    0.00025750000000000013,
    0.00021404630011522585,
    0.00017378034985236535,
    0.00013714331138868998,
    0.00010453658778440108,
    7.631742512670285e-05,
    5.279499846691252e-05,
    3.4227024433899005e-05,
    2.0816937636766188e-05,
    1.2711661792704668e-05,
    1e-05
  ],
  "epoch_time": [
    82.18558096885681,
    115.43724703788757,
    108.77890205383301,
    130.0431568622589,
    105.83151388168335,
    82.92607069015503,
    94.58995270729065,
    95.50224280357361,
    81.50849795341492,
    81.65238094329834,
    107.48676490783691,
    91.9391622543335,
    83.43605494499207,
    80.35381889343262,
    80.98966383934021,
    82.9506938457489,
    89.79325580596924,
    80.7872109413147,
    85.43832993507385,
    93.15365195274353,
    84.6996841430664,
    84.84987282752991,
    92.81581616401672,
    84.04427814483643,
    69.55735397338867,
    76.58540272712708,
    75.98152089118958,
    83.00927591323853,
    82.8241560459137,
    80.52505111694336
  ]
}