{
  "train_loss": [
    0.41003220632767223,
    0.21148519585751424,
    0.17265662416270014,
    0.12035422147678769,
    0.10050034520785757,
    0.09116852629609454,
    0.07410162907600949,
    0.05936777027053936,
    0.044259162983044414,
    0.03640902567138394,
    0.038670376771252755,
    0.030227492055314397,
    0.031199277497721972,
    0.019386335204999224,
    0.027457806705685824,
    0.023081961571826386
  ],
  "train_acc": [
    0.8586783439490446,
    0.9297372611464968,
    0.9418789808917197,
    0.9607882165605095,
    0.9691480891719745,
    0.9693471337579618,
    0.9785031847133758,
    0.9802945859872612,
    0.986265923566879,
    0.9880573248407644,
    0.986265923566879,
    0.9894506369426752,
    0.9892515923566879,
    0.9936305732484076,
    0.991640127388535,
    0.9928343949044586
  ],
  "val_loss": [
    0.14650982223727085,
    0.10121876097939632,
    0.12415778291998086,
    0.08175861518679152,
    0.10431797743057596,
    0.08501898964901489,
    0.08522868834918848,
    0.04769028118138926,
    0.044579644240083226,
    0.11057115457127414,
    0.06137168803764292,
    0.07569781623239612,
    0.05081606097841426,
    0.09651681517231434,
    0.059708832779681496,
    0.04884208205869611
  ],
  "val_acc": [
    0.9481481481481482,
    0.9629629629629629,
    0.9601851851851851,
    0.9703703703703703,
    0.9601851851851851,
    0.9768518518518519,
    0.975,
    0.9833333333333333,
    0.9861111111111112,
    0.9694444444444444,
    0.9777777777777777,
    0.9824074074074074,
    0.9842592592592593,
    0.9787037037037037,
    0.9824074074074074,
    0.9842592592592593
  ],
  "val_f1_macro": [
    0.9484594539064943,
    0.9632050419802816,
    0.960236304879162,
    0.9702519557403997,
    0.960240731402471,
    0.9768037393557649,
    0.975077149229127,
    0.9833292270257468,
    0.9861075419923964,
    0.9694652811019879,
    0.9778841412660777,
    0.982396603645895,
    0.9842379410107166,
    0.9786585352779844,
    0.9823831032884104,
    0.9842552334305341
  ],
  "lr": [
    0.0009972883382072953,
    0.0009891830623632338,
    0.0009757729755661011,
    0.0009572050015330874,
    0.0009336825748732973,
    0.0009054634122155991,
    0.0008728566886113102,
    0.0008362196501476349,
    0.0007959536998847742,
    0.0007525,
    0.0007063346383225212,
    0.000657963412215599,
    0.0006079162869547909,
    0.0005567415893174886,
    0.0005050000000000002,
    0.0004532584106825117
  ],
  "epoch_time": [
    249.69271397590637,
    228.03753995895386,
    232.23501014709473,
    261.84999203681946,
    272.8442049026489,
    338.22699999809265,
    260.2650330066681,
    167.025141954422,
    123.62810802459717,
    126.39846086502075,
    116.93784093856812,
    125.84232211112976,
    124.79595685005188,
    124.27797889709473,
    125.23459887504578,
    124.23473715782166
  ]
}