{
  "train_loss": [
    4.3924793050547315,
    1.8191320190004483,
    1.0877028999814562,
    0.959207238854876,
    0.7804532652827585,
    0.603964048586074,
    0.4448259519353794,
    0.365058837660179,
    0.33510946268868297,
    0.2416321808934971,
    0.23742814660428246,
    0.19495518701328973,
    0.16571568808025994,
    0.151359740235386,
    0.13541242755077496,
    0.12553286745070605,
    0.10178472896575168,
    0.09086106531581527,
    0.06476866007123697,
    0.06291717728001146,
    0.04873582745411368,
    0.03740703994191361,
    0.028656260766154584,
    0.02719695715489825,
    0.023518961409300067,
    0.01892992147314822,
    0.035152491753606706,
    0.022664913836759767,
    0.018264311504231336,
    0.015269250735246181
  ],
  "train_acc": [
    0.4164012738853503,
    0.5117436305732485,
    0.6092754777070064,
    0.6833200636942676,
    0.7091958598726115,
    0.7900079617834395,
    0.8385748407643312,
    0.8694267515923567,
    0.8805732484076433,
    0.9179936305732485,
    0.9231687898089171,
    0.9315286624203821,
    0.9460589171974523,
    0.946656050955414,
    0.9570063694267515,
    0.9639729299363057,
    0.9659633757961783,
    0.9731289808917197,
    0.9785031847133758,
    0.9791003184713376,
    0.9850716560509554,
    0.9876592356687898,
    0.9912420382165605,
    0.9920382165605095,
    0.9920382165605095,
    0.9934315286624203,
    0.9930334394904459,
    0.9938296178343949,
    0.9940286624203821,
    0.9968152866242038
  ],
  "val_loss": [
    3.4950498285116973,
    2.2300090543649813,
    1.1237001424034436,
    0.9827039977466618,
    0.5253597098368186,
    0.43076742172793103,
    0.3906433665642032,
    0.2836019844920547,
    0.23879159440596898,
    0.16829797503262484,
    0.24576849683567328,
    0.16828051534377866,
    0.27052347601770804,
    0.42871412065707976,
    0.18810105364148816,
    0.2031777152338893,
    0.18495100899653388,
    0.21667517859960855,
    0.1959196700481698,
    0.15080397280061905,
    0.19524949930216987,
    0.19096158487774556,
    0.23903649110520578,
    0.20467989848911564,
    0.203299050864118,
    0.17195806229964192,
    0.20300778362725563,
    0.20142370133950802,
    0.19833908566947453,
    0.20102070542616696
  ],
  "val_acc": [
    0.4462962962962963,
    0.412962962962963,
    0.5842592592592593,
    0.6148148148148148,
    0.7925925925925926,
    0.8361111111111111,
    0.8425925925925926,
    0.9037037037037037,
    0.9074074074074074,
    0.9462962962962963,
    0.9296296296296296,
    0.9537037037037037,
    0.9268518518518518,
    0.9111111111111111,
    0.9574074074074074,
    0.9444444444444444,
    0.9574074074074074,
    0.9537037037037037,
    0.9564814814814815,
    0.9712962962962963,
    0.9638888888888889,
    0.9675925925925926,
    0.9648148148148148,
    0.9703703703703703,
    0.9712962962962963,
    0.9740740740740741,
    0.9731481481481481,
    0.9703703703703703,
    0.9694444444444444,
    0.9722222222222222
  ],
  "val_f1_macro": [
    0.379077725807293,
    0.3620347823927531,
    0.5542375869080414,
    0.5554160955836687,
    0.7920795899329709,
    0.8281153534862181,
    0.8393491558137569,
    0.9044043416271822,
    0.9074497562944153,
    0.9461350077471162,
    0.9303351231337434,
    0.9536084728580042,
    0.9265510771428992,
    0.911723133003755,
    0.9574050075916166,
    0.9444906090157177,
    0.9574227175149874,
    0.9537433885107259,
    0.9565475887486992,
    0.9712817885998198,
    0.9638419762651556,
    0.9675774225774226,
    0.964768403828261,
    0.9703179565329099,
    0.9712447872730398,
    0.9740561132291673,
    0.9731070355515885,
    0.9703342097911501,
    0.9694145321690062,
    0.9721842794182467
  ],
  "lr": [
    0.0009972883382072953,
    0.0009891830623632338,
    0.0009757729755661011,
    0.0009572050015330874,
    0.0009336825748732973,
    0.0009054634122155991,
    0.0008728566886113102,
    0.0008362196501476349,
    0.0007959536998847742,
    0.0007525,
    0.0007063346383225212,
    0.000657963412215599,
    0.0006079162869547909,
    0.0005567415893174886,
    0.0005050000000000002,
    0.0004532584106825117,
    0.00040208371304520916,
    0.00035203658778440114,
    0.00030366536167747904,
    0.00025750000000000013,
    0.00021404630011522585,
    0.00017378034985236535,
    0.00013714331138868998,
    0.00010453658778440108,
    7.631742512670285e-05,
    5.279499846691252e-05,
    3.4227024433899005e-05,
    2.0816937636766188e-05,
    1.2711661792704668e-05,
    1e-05
  ],
  "epoch_time": [
    89.29385304450989,
    90.63898491859436,
    89.3901629447937,
    79.37736773490906,
    67.99616813659668,
    61.54677414894104,
    62.28447699546814,
    62.87714505195618,
    72.61227011680603,
    72.26400995254517,
    65.6384220123291,
    68.65603828430176,
    91.54928016662598,
    71.76978087425232,
    82.31265616416931,
    127.32364583015442,
    104.7170159816742,
    92.50433206558228,
    104.00613403320312,
    76.87670564651489,
    72.74217796325684,
    73.66085982322693,
    122.9462959766388,
    148.9976189136505,
    89.07123303413391,
    72.91583704948425,
    70.4107620716095,
    68.09180998802185,
    70.99690389633179,
    73.55157995223999
  ]
}