{
  "accuracy": 0.9768518518518519,
  "f1_macro": 0.9768768862620376,
  "f1_weighted": 0.9768768862620376,
  "roc_auc_macro": 0.999022633744856,
  "per_class": {
    "glioma": {
      "precision": 0.9885931558935361,
      "recall": 0.9629629629629629,
      "sensitivity": 0.9629629629629629,
      "specificity": 0.9962962962962963,
      "f1": 0.975609756097561,
      "support": 270,
      "roc_auc": 0.9982624599908551
    },
    "meningioma": {
      "precision": 0.950530035335689,
      "recall": 0.9962962962962963,
      "sensitivity": 0.9962962962962963,
      "specificity": 0.9827160493827161,
      "f1": 0.972875226039783,
      "support": 270,
      "roc_auc": 0.9985871056241427
    },
    "notumor": {
      "precision": 1.0,
      "recall": 0.9592592592592593,
      "sensitivity": 0.9592592592592593,
      "specificity": 1.0,
      "f1": 0.9792060491493384,
      "support": 270,
      "roc_auc": 0.9995381801554641
    },
    "pituitary": {
      "precision": 0.9709090909090909,
      "recall": 0.9888888888888889,
      "sensitivity": 0.9888888888888889,
      "specificity": 0.9901234567901235,
      "f1": 0.9798165137614679,
      "support": 270,
      "roc_auc": 0.999702789208962
    }
  },
  "confusion_matrix": [
    [
      260,
      9,
      0,
      1
    ],
    [
      1,
      269,
      0,
      0
    ],
    [
      2,
      2,
      259,
      7
    ],
    [
      0,
      3,
      0,
      267
    ]
  ],
  "classification_report": "              precision    recall  f1-score   support\n\n      glioma     0.9886    0.9630    0.9756       270\n  meningioma     0.9505    0.9963    0.9729       270\n     notumor     1.0000    0.9593    0.9792       270\n   pituitary     0.9709    0.9889    0.9798       270\n\n    accuracy                         0.9769      1080\n   macro avg     0.9775    0.9769    0.9769      1080\nweighted avg     0.9775    0.9769    0.9769      1080\n"
}