{
  "train_loss": [
    3.9952009179789547,
    2.6060337481225373,
    2.0609721245279737,
    1.8546202955352273,
    1.611803510386473,
    1.5259207061901214,
    1.3819067246595007,
    1.322415032204549,
    1.232823227621188,
    1.074882826038227,
    1.021617922623446,
    0.9722437636487803,
    0.8762753059150307,
    0.8561702391524224,
    0.797164874851324,
    0.8072724306279686,
    0.7081714333242671,
    0.6893291578740831,
    0.6679709944755409,
    0.6368261304250948,
    0.623206249562798,
    0.5927301402304582,
    0.5857912007790462,
    0.5930943208135617,
    0.5381475292193661,
    0.5474974290011035,
    0.535072320301062,
    0.5150905701385182,
    0.5129507825632763,
    0.5043479958727102
  ],
  "train_acc": [
    0.4452627388535032,
    0.4890525477707006,
    0.5447850318471338,
    0.5740445859872612,
    0.5977308917197452,
    0.6230095541401274,
    0.6377388535031847,
    0.64171974522293,
    0.6534633757961783,
    0.6906847133757962,
    0.6938694267515924,
    0.7018312101910829,
    0.7223328025477707,
    0.7213375796178344,
    0.73546974522293,
    0.7328821656050956,
    0.7643312101910829,
    0.7724920382165605,
    0.7724920382165605,
    0.7780652866242038,
    0.7808519108280255,
    0.7923964968152867,
    0.7977707006369427,
    0.7959792993630573,
    0.8057324840764332,
    0.8045382165605095,
    0.8180732484076433,
    0.8146894904458599,
    0.8184713375796179,
    0.8164808917197452
  ],
  "val_loss": [
    1.372901263722667,
    0.941724137906675,
    1.2198394749451567,
    1.177160847849316,
    1.0737018635979405,
    1.1888232190851813,
    0.7705388186154543,
    0.6250345993925024,
    0.6256686689677062,
    0.9410744191595801,
    0.979947285933627,
    0.675756221347385,
    0.7851893246173859,
    0.5646376701416793,
    0.6111047678523593,
    0.47385051592632577,
    0.46813497377766505,
    0.502631354994244,
    0.4439609775388682,
    0.43598634981446793,
    0.44151027748982113,
    0.4164179045293066,
    0.37217387512878136,
    0.4293146762858938,
    0.4311026595532894,
    0.4662064703802268,
    0.43252909136591133,
    0.4166030749954559,
    0.41121775190587395,
    0.4032919830746121
  ],
  "val_acc": [
    0.5518518518518518,
    0.7212962962962963,
    0.6296296296296297,
    0.6111111111111112,
    0.6472222222222223,
    0.5583333333333333,
    0.7694444444444445,
    0.7972222222222223,
    0.7981481481481482,
    0.675,
    0.6324074074074074,
    0.7620370370370371,
    0.6592592592592592,
    0.812962962962963,
    0.7314814814814815,
    0.8148148148148148,
    0.837037037037037,
    0.8018518518518518,
    0.8537037037037037,
    0.8351851851851851,
    0.8231481481481482,
    0.850925925925926,
    0.8731481481481481,
    0.8388888888888889,
    0.8453703703703703,
    0.8435185185185186,
    0.8435185185185186,
    0.8518518518518519,
    0.8490740740740741,
    0.8555555555555555
  ],
  "val_f1_macro": [
    0.49386136700706873,
    0.7273641353605587,
    0.6026994459110869,
    0.5423336023750143,
    0.6036531894687923,
    0.5160558181845993,
    0.7738128290834317,
    0.792962055013865,
    0.7975805103301017,
    0.6665282814275392,
    0.6115341833947548,
    0.749935897566101,
    0.6590399884966948,
    0.8116708674611554,
    0.7102353743585439,
    0.8087497747738674,
    0.831387811830401,
    0.8041841523922835,
    0.8542100827342668,
    0.8335126706609575,
    0.8154715910896007,
    0.8511064511856259,
    0.8730177316810616,
    0.836828156012874,
    0.8446476123440116,
    0.8446997161643937,
    0.8434510806867644,
    0.8520587761402467,
    0.8486604097086604,
    0.8554670510177937
  ],
  "lr": [
    0.0009972883382072953,
    0.0009891830623632338,
    0.0009757729755661011,
    0.0009572050015330874,
    0.0009336825748732973,
    0.0009054634122155991,
    0.0008728566886113102,
    0.0008362196501476349,
    0.0007959536998847742,
    0.0007525,
    0.0007063346383225212,
    0.000657963412215599,
    0.0006079162869547909,
    0.0005567415893174886,
    0.0005050000000000002,
    0.0004532584106825117,
    0.00040208371304520916,
    0.00035203658778440114,
    0.00030366536167747904,
    0.00025750000000000013,
    0.00021404630011522585,
    0.00017378034985236535,
    0.00013714331138868998,
    0.00010453658778440108,
    7.631742512670285e-05,
    5.279499846691252e-05,
    3.4227024433899005e-05,
    2.0816937636766188e-05,
    1.2711661792704668e-05,
    1e-05
  ],
  "epoch_time": [
    136.11211109161377,
    80.96999001502991,
    60.317408084869385,
    51.140666007995605,
    48.92854571342468,
    73.65172505378723,
    84.60265231132507,
    54.99125409126282,
    296.006098985672,
    283.66906118392944,
    238.13571786880493,
    111.75284790992737,
    98.35673427581787,
    242.05860495567322,
    141.16982126235962,
    81.20452213287354,
    37.57600378990173,
    37.92046308517456,
    44.84070301055908,
    48.125473976135254,
    47.81559681892395,
    47.763696908950806,
    43.00941181182861,
    46.67931008338928,
    43.81480693817139,
    50.19508719444275,
    44.17819690704346,
    47.120535135269165,
    44.32543897628784,
    43.02525782585144
  ]
}