{
  "accuracy": 0.9638888888888889,
  "f1_macro": 0.9638672704320582,
  "f1_weighted": 0.9638672704320583,
  "roc_auc_macro": 0.9976954732510288,
  "per_class": {
    "glioma": {
      "precision": 0.955719557195572,
      "recall": 0.9592592592592593,
      "sensitivity": 0.9592592592592593,
      "specificity": 0.9851851851851852,
      "f1": 0.9574861367837338,
      "support": 270,
      "roc_auc": 0.9953132144490169
    },
    "meningioma": {
      "precision": 0.9657794676806084,
      "recall": 0.9407407407407408,
      "sensitivity": 0.9407407407407408,
      "specificity": 0.9888888888888889,
      "f1": 0.9530956848030019,
      "support": 270,
      "roc_auc": 0.997334247828075
    },
    "notumor": {
      "precision": 0.9923371647509579,
      "recall": 0.9592592592592593,
      "sensitivity": 0.9592592592592593,
      "specificity": 0.9975308641975309,
      "f1": 0.975517890772128,
      "support": 270,
      "roc_auc": 0.998710562414266
    },
    "pituitary": {
      "precision": 0.9438596491228071,
      "recall": 0.9962962962962963,
      "sensitivity": 0.9962962962962963,
      "specificity": 0.980246913580247,
      "f1": 0.9693693693693693,
      "support": 270,
      "roc_auc": 0.9994238683127572
    }
  },
  "confusion_matrix": [
    [
      259,
      7,
      1,
      3
    ],
    [
      6,
      254,
      1,
      9
    ],
    [
      6,
      1,
      259,
      4
    ],
    [
      0,
      1,
      0,
      269
    ]
  ],
  "classification_report": "              precision    recall  f1-score   support\n\n      glioma     0.9557    0.9593    0.9575       270\n  meningioma     0.9658    0.9407    0.9531       270\n     notumor     0.9923    0.9593    0.9755       270\n   pituitary     0.9439    0.9963    0.9694       270\n\n    accuracy                         0.9639      1080\n   macro avg     0.9644    0.9639    0.9639      1080\nweighted avg     0.9644    0.9639    0.9639      1080\n"
}