{
  "accuracy": 0.9675925925925926,
  "f1_macro": 0.9676440938194917,
  "f1_weighted": 0.9676440938194918,
  "roc_auc_macro": 0.997383401920439,
  "per_class": {
    "glioma": {
      "precision": 0.9359430604982206,
      "recall": 0.9740740740740741,
      "sensitivity": 0.9740740740740741,
      "specificity": 0.9777777777777777,
      "f1": 0.9546279491833031,
      "support": 270,
      "roc_auc": 0.9943804298125286
    },
    "meningioma": {
      "precision": 0.9625468164794008,
      "recall": 0.9518518518518518,
      "sensitivity": 0.9518518518518518,
      "specificity": 0.9876543209876543,
      "f1": 0.957169459962756,
      "support": 270,
      "roc_auc": 0.9962802926383173
    },
    "notumor": {
      "precision": 0.9961240310077519,
      "recall": 0.9518518518518518,
      "sensitivity": 0.9518518518518518,
      "specificity": 0.9987654320987654,
      "f1": 0.9734848484848485,
      "support": 270,
      "roc_auc": 0.9994787379972565
    },
    "pituitary": {
      "precision": 0.9781021897810219,
      "recall": 0.9925925925925926,
      "sensitivity": 0.9925925925925926,
      "specificity": 0.9925925925925926,
      "f1": 0.9852941176470589,
      "support": 270,
      "roc_auc": 0.9993941472336533
    }
  },
  "confusion_matrix": [
    [
      263,
      5,
      1,
      1
    ],
    [
      11,
      257,
      0,
      2
    ],
    [
      5,
      5,
      257,
      3
    ],
    [
      2,
      0,
      0,
      268
    ]
  ],
  "classification_report": "              precision    recall  f1-score   support\n\n      glioma     0.9359    0.9741    0.9546       270\n  meningioma     0.9625    0.9519    0.9572       270\n     notumor     0.9961    0.9519    0.9735       270\n   pituitary     0.9781    0.9926    0.9853       270\n\n    accuracy                         0.9676      1080\n   macro avg     0.9682    0.9676    0.9676      1080\nweighted avg     0.9682    0.9676    0.9676      1080\n"
}