{
  "accuracy": 0.9638888888888889,
  "f1_macro": 0.9638653373678984,
  "f1_weighted": 0.9638653373678985,
  "roc_auc_macro": 0.9973045267489713,
  "per_class": {
    "glioma": {
      "precision": 0.9589552238805971,
      "recall": 0.9518518518518518,
      "sensitivity": 0.9518518518518518,
      "specificity": 0.9864197530864197,
      "f1": 0.9553903345724907,
      "support": 270,
      "roc_auc": 0.9954183813443073
    },
    "meningioma": {
      "precision": 0.9386281588447654,
      "recall": 0.9629629629629629,
      "sensitivity": 0.9629629629629629,
      "specificity": 0.9790123456790123,
      "f1": 0.9506398537477148,
      "support": 270,
      "roc_auc": 0.9957704618198446
    },
    "notumor": {
      "precision": 0.9845559845559846,
      "recall": 0.9444444444444444,
      "sensitivity": 0.9444444444444444,
      "specificity": 0.9950617283950617,
      "f1": 0.9640831758034026,
      "support": 270,
      "roc_auc": 0.9981527206218563
    },
    "pituitary": {
      "precision": 0.9746376811594203,
      "recall": 0.9962962962962963,
      "sensitivity": 0.9962962962962963,
      "specificity": 0.991358024691358,
      "f1": 0.9853479853479854,
      "support": 270,
      "roc_auc": 0.9998765432098765
    }
  },
  "confusion_matrix": [
    [
      257,
      10,
      2,
      1
    ],
    [
      7,
      260,
      2,
      1
    ],
    [
      3,
      7,
      255,
      5
    ],
    [
      1,
      0,
      0,
      269
    ]
  ],
  "classification_report": "              precision    recall  f1-score   support\n\n      glioma     0.9590    0.9519    0.9554       270\n  meningioma     0.9386    0.9630    0.9506       270\n     notumor     0.9846    0.9444    0.9641       270\n   pituitary     0.9746    0.9963    0.9853       270\n\n    accuracy                         0.9639      1080\n   macro avg     0.9642    0.9639    0.9639      1080\nweighted avg     0.9642    0.9639    0.9639      1080\n"
}