{
  "train_loss": [
    0.4966239467453045,
    0.3091480353265811,
    0.22403454185006724,
    0.18877518557866288,
    0.16965145229771258,
    0.14954537653904051,
    0.11951683134813408,
    0.09669058228350559,
    0.10011807747576741,
    0.081953322273163,
    0.07453170803132331,
    0.053345902389134905,
    0.05665175272537407,
    0.046390500423501416,
    0.03127083988436854,
    0.030634630858345006
  ],
  "train_acc": [
    0.8244426751592356,
    0.8972929936305732,
    0.9235668789808917,
    0.9392914012738853,
    0.9446656050955414,
    0.9510350318471338,
    0.9605891719745223,
    0.9647691082802548,
    0.9689490445859873,
    0.9731289808917197,
    0.9761146496815286,
    0.9822850318471338,
    0.9820859872611465,
    0.9852707006369427,
    0.9886544585987261,
    0.9896496815286624
  ],
  "val_loss": [
    0.6412294071857576,
    0.39143025995387387,
    0.23626621514558793,
    0.27496335268951955,
    0.1868948187306092,
    0.15615649834551193,
    0.11397173172897762,
    0.20764518387063785,
    0.11652042719673503,
    0.32931926464705075,
    0.1524110581695654,
    0.12369980330630723,
    0.12150078161654097,
    0.11016504017084285,
    0.18696102065862052,
    0.13026396781680416
  ],
  "val_acc": [
    0.7712962962962963,
    0.8722222222222222,
    0.9287037037037037,
    0.9259259259259259,
    0.9416666666666667,
    0.9481481481481482,
    0.9657407407407408,
    0.9324074074074075,
    0.9685185185185186,
    0.9120370370370371,
    0.9611111111111111,
    0.9601851851851851,
    0.9694444444444444,
    0.9611111111111111,
    0.95,
    0.9694444444444444
  ],
  "val_f1_macro": [
    0.7656649743888626,
    0.8692176282610171,
    0.9284369029155803,
    0.9263772257803619,
    0.9416408941286376,
    0.9480140281208422,
    0.9657318496099967,
    0.9329206734080991,
    0.9685419554477156,
    0.9116202098407722,
    0.9610844163175652,
    0.9602351785535391,
    0.9694310924146847,
    0.961296843914801,
    0.9502653732838551,
    0.9695014079320396
  ],
  "lr": [
    0.0009972883382072953,
    0.0009891830623632338,
    0.0009757729755661011,
    0.0009572050015330874,
    0.0009336825748732973,
    0.0009054634122155991,
    0.0008728566886113102,
    0.0008362196501476349,
    0.0007959536998847742,
    0.0007525,
    0.0007063346383225212,
    0.000657963412215599,
    0.0006079162869547909,
    0.0005567415893174886,
    0.0005050000000000002,
    0.0004532584106825117
  ],
  "epoch_time": [
    123.31690502166748,
    124.74594306945801,
    85.67417812347412,
    82.2314178943634,
    82.94125723838806,
    144.17929983139038,
    140.564386844635,
    167.17771911621094,
    107.57428789138794,
    93.22018575668335,
    90.25235319137573,
    1357.328727722168,
    127.59352087974548,
    112.55456113815308,
    113.37145113945007,
    116.91307497024536
  ]
}