{
  "accuracy": 0.875,
  "f1_macro": 0.8748553037863626,
  "f1_weighted": 0.8748553037863626,
  "roc_auc_macro": 0.9718358481938729,
  "per_class": {
    "glioma": {
      "precision": 0.9083665338645418,
      "recall": 0.8444444444444444,
      "sensitivity": 0.8444444444444444,
      "specificity": 0.971604938271605,
      "f1": 0.8752399232245681,
      "support": 270,
      "roc_auc": 0.9627434842249658
    },
    "meningioma": {
      "precision": 0.8044280442804428,
      "recall": 0.8074074074074075,
      "sensitivity": 0.8074074074074075,
      "specificity": 0.9345679012345679,
      "f1": 0.8059149722735675,
      "support": 270,
      "roc_auc": 0.9439048925468678
    },
    "notumor": {
      "precision": 0.924812030075188,
      "recall": 0.9111111111111111,
      "sensitivity": 0.9111111111111111,
      "specificity": 0.9753086419753086,
      "f1": 0.917910447761194,
      "support": 270,
      "roc_auc": 0.991920438957476
    },
    "pituitary": {
      "precision": 0.8664383561643836,
      "recall": 0.937037037037037,
      "sensitivity": 0.937037037037037,
      "specificity": 0.9518518518518518,
      "f1": 0.900355871886121,
      "support": 270,
      "roc_auc": 0.988774577046182
    }
  },
  "confusion_matrix": [
    [
      228,
      31,
      8,
      3
    ],
    [
      16,
      218,
      11,
      25
    ],
    [
      2,
      11,
      246,
      11
    ],
    [
      5,
      11,
      1,
      253
    ]
  ],
  "classification_report": "              precision    recall  f1-score   support\n\n      glioma     0.9084    0.8444    0.8752       270\n  meningioma     0.8044    0.8074    0.8059       270\n     notumor     0.9248    0.9111    0.9179       270\n   pituitary     0.8664    0.9370    0.9004       270\n\n    accuracy                         0.8750      1080\n   macro avg     0.8760    0.8750    0.8749      1080\nweighted avg     0.8760    0.8750    0.8749      1080\n"
}